{
  "format_version": "1.10.0",
  "render_controllers": {
    "controller.render.small_beak": {
      "geometry": "Geometry.default",
      "materials": [
        {
          "*": "Material.default"
        }
      ],
      "textures": [
        "Texture.default"
      ]
    },
    "controller.render.long_arms": {
      "geometry": "Geometry.default",
      "materials": [
        {
          "*": "Material.default"
        }
      ],
      "textures": [
        "Texture.default"
      ]
    },
    "controller.render.big_eyes": {
      "geometry": "Geometry.default",
      "materials": [
        {
          "*": "Material.default"
        }
      ],
      "textures": [
        "Texture.default"
      ]
    },
    "controller.render.void_dream_transformed": {
      "geometry": "Geometry.default",
      "materials": [
        {
          "*": "Material.default"
        }
      ],
      "textures": [
        "Texture.default"
      ]
    },
    "controller.render.funeral_butterflies": {
      "geometry": "Geometry.default",
      "materials": [
        {
          "*": "Material.default"
        }
      ],
      "textures": [
        "Texture.default"
      ]
    },
    "controller.render.laetitia": {
      "geometry": "Geometry.default",
      "materials": [
        {
          "*": "Material.default"
        }
      ],
      "textures": [
        "Texture.default"
      ]
    },
    "controller.render.laetitia_spider": {
      "geometry": "Geometry.default",
      "materials": [
        {
          "*": "Material.default"
        }
      ],
      "textures": [
        "Texture.default"
      ]
    },
    "controller.render.snow_queen": {
      "geometry": "Geometry.default",
      "materials": [
        {
          "*": "Material.default"
        }
      ],
      "textures": [
        "Texture.default"
      ]
    },
    "controller.render.queen_hatred_hysteric": {
      "geometry": "Geometry.default",
      "materials": [
        {
          "*": "Material.default"
        }
      ],
      "textures": [
        "Texture.default"
      ]
    },
    "controller.render.knight_despair": {
      "geometry": "Geometry.default",
      "materials": [
        {
          "*": "Material.default"
        }
      ],
      "textures": [
        "Texture.default"
      ]
    }
  }
}