{
  "format_version": "1.8.0",
  "animations": {
    "animation.big_bird.idle": {
      "loop": true,
      "animation_length": 4.0,
      "bones": {
        "body": {
          "rotation": {
            "0.0": [0, 0, 0],
            "2.0": [0, 5, 0],
            "4.0": [0, 0, 0]
          }
        }
      }
    },
    "animation.big_bird.walk": {
      "loop": true,
      "animation_length": 1.0,
      "bones": {
        "body": {
          "position": {
            "0.0": [0, 0, 0],
            "0.5": [0, 0.5, 0],
            "1.0": [0, 0, 0]
          }
        },
        "left_arm": {
          "rotation": {
            "0.0": [0, 0, 0],
            "0.5": [20, 0, 0],
            "1.0": [0, 0, 0]
          }
        },
        "right_arm": {
          "rotation": {
            "0.0": [20, 0, 0],
            "0.5": [0, 0, 0],
            "1.0": [20, 0, 0]
          }
        }
      }
    },
    "animation.big_bird.lamp_glow": {
      "loop": true,
      "animation_length": 2.0,
      "bones": {
        "lamp_glow": {
          "scale": {
            "0.0": [1, 1, 1],
            "1.0": [1.3, 1.3, 1.3],
            "2.0": [1, 1, 1]
          }
        }
      }
    },
    "animation.big_bird.eyes_blink": {
      "loop": true,
      "animation_length": 3.0,
      "bones": {
        "eyes_layer1": {
          "scale": {
            "0.0": [1, 1, 1],
            "0.1": [1, 0.1, 1],
            "0.2": [1, 1, 1],
            "2.8": [1, 1, 1],
            "2.9": [1, 0.1, 1],
            "3.0": [1, 1, 1]
          }
        }
      }
    },
    "animation.big_bird.mark_target": {
      "animation_length": 1.0,
      "bones": {
        "lamp": {
          "rotation": {
            "0.0": [0, 0, 0],
            "0.5": [0, 45, 0],
            "1.0": [0, 0, 0]
          }
        },
        "lamp_glow": {
          "scale": {
            "0.0": [1, 1, 1],
            "0.5": [2, 2, 2],
            "1.0": [1, 1, 1]
          }
        }
      }
    },
    "animation.big_bird.decapitate": {
      "animation_length": 2.0,
      "bones": {
        "beak": {
          "rotation": {
            "0.0": [0, 0, 0],
            "0.5": [-30, 0, 0],
            "1.0": [30, 0, 0],
            "2.0": [0, 0, 0]
          }
        },
        "body": {
          "position": {
            "0.0": [0, 0, 0],
            "1.0": [0, -2, 0],
            "2.0": [0, 0, 0]
          }
        }
      }
    }
  }
}