{
  "format_version": "1.8.0",
  "animations": {
    "animation.fairy_festival.fly": {
      "loop": true,
      "animation_length": 3.0,
      "bones": {
        "root": {
          "position": {
            "0.0": [0, 0, 0],
            "1.5": [0, 0.5, 0],
            "3.0": [0, 0, 0]
          }
        },
        "body": {
          "rotation": {
            "0.0": [0, 0, 0],
            "1.5": [0, 10, 0],
            "3.0": [0, 0, 0]
          }
        }
      }
    },
    "animation.fairy_festival.wings": {
      "loop": true,
      "animation_length": 0.5,
      "bones": {
        "left_wing": {
          "rotation": {
            "0.0": [0, 0, -15],
            "0.25": [0, 0, -45],
            "0.5": [0, 0, -15]
          }
        },
        "right_wing": {
          "rotation": {
            "0.0": [0, 0, 15],
            "0.25": [0, 0, 45],
            "0.5": [0, 0, 15]
          }
        }
      }
    },
    "animation.fairy_festival.sparkle": {
      "loop": true,
      "animation_length": 2.0,
      "bones": {
        "sparkles": {
          "scale": {
            "0.0": [0.8, 0.8, 0.8],
            "1.0": [1.2, 1.2, 1.2],
            "2.0": [0.8, 0.8, 0.8]
          }
        }
      }
    }
  }
}