{
  "format_version": "1.8.0",
  "animations": {
    "animation.one_sin.float": {
      "loop": true,
      "animation_length": 4.0,
      "bones": {
        "root": {
          "position": {
            "0.0": [0, 0, 0],
            "2.0": [0, 1, 0],
            "4.0": [0, 0, 0]
          }
        },
        "cross": {
          "rotation": {
            "0.0": [0, 0, 0],
            "2.0": [0, 5, 0],
            "4.0": [0, 0, 0]
          }
        }
      }
    },
    "animation.one_sin.glow": {
      "loop": true,
      "animation_length": 2.0,
      "bones": {
        "glow_aura": {
          "scale": {
            "0.0": [1, 1, 1],
            "1.0": [1.1, 1.1, 1.1],
            "2.0": [1, 1, 1]
          }
        }
      }
    }
  }
}