{
  "format_version": "1.10.0",
  "minecraft:client_entity": {
    "description": {
      "identifier": "lc:apocalypse_bird",
      "materials": {
        "default": "entity_alphatest",
        "eyes": "entity_emissive",
        "aura": "entity_emissive_alpha"
      },
      "textures": {
        "default": "textures/entity/apocalypse_bird"
      },
      "geometry": {
        "default": "geometry.apocalypse_bird"
      },
      "render_controllers": [
        "controller.render.apocalypse_bird"
      ],
      "animations": {
        "idle": "animation.apocalypse_bird.idle",
        "walk": "animation.apocalypse_bird.walk",
        "judgement_attack": "animation.apocalypse_bird.judgement_attack",
        "punishing_attack": "animation.apocalypse_bird.punishing_attack",
        "orb_barrage": "animation.apocalypse_bird.orb_barrage",
        "claw_swipe": "animation.apocalypse_bird.claw_swipe",
        "scream_attack": "animation.apocalypse_bird.scream_attack",
        "darkness_aura": "animation.apocalypse_bird.darkness_aura",
        "eyes_glow": "animation.apocalypse_bird.eyes_glow"
      },
      "scripts": {
        "animate": [
          "idle",
          "darkness_aura",
          "eyes_glow"
        ]
      },
      "spawn_egg": {
        "base_color": "#000000",
        "overlay_color": "#8B0000"
      }
    }
  }
}