{
  "format_version": "1.10.0",
  "minecraft:client_entity": {
    "description": {
      "identifier": "lc:big_eyes",
      "materials": {
        "default": "entity_alphatest"
      },
      "textures": {
        "default": "textures/entity/big_eyes"
      },
      "geometry": {
        "default": "geometry.big_eyes"
      },
      "render_controllers": [
        "controller.render.big_eyes"
      ],
      "animations": {
        "idle": "animation.big_eyes.idle",
        "absorb_black": "animation.big_eyes.absorb_black"
      },
      "scripts": {
        "animate": [
          "idle"
        ]
      },
      "spawn_egg": {
        "base_color": "#2F2F2F",
        "overlay_color": "#000000"
      }
    }
  }
}