{
  "format_version": "1.10.0",
  "minecraft:client_entity": {
    "description": {
      "identifier": "lc:big_bird",
      "materials": {
        "default": "entity_alphatest",
        "eyes": "entity_emissive"
      },
      "textures": {
        "default": "textures/entity/big_bird"
      },
      "geometry": {
        "default": "geometry.big_bird"
      },
      "render_controllers": [
        "controller.render.big_bird"
      ],
      "animations": {
        "walk": "animation.big_bird.walk",
        "idle": "animation.big_bird.idle",
        "lamp_glow": "animation.big_bird.lamp_glow",
        "eyes_blink": "animation.big_bird.eyes_blink",
        "mark_target": "animation.big_bird.mark_target",
        "decapitate": "animation.big_bird.decapitate"
      },
      "scripts": {
        "animate": [
          "idle",
          "lamp_glow",
          "eyes_blink"
        ]
      },
      "spawn_egg": {
        "base_color": "#000000",
        "overlay_color": "#FFFF00"
      }
    }
  }
}