{
  "format_version": "1.10.0",
  "minecraft:client_entity": {
    "description": {
      "identifier": "lc:der_freischutz",
      "materials": {
        "default": "entity_alphatest"
      },
      "textures": {
        "default": "textures/entity/der_uv"
      },
      "geometry": {
        "default": "geometry.der_freischutz"
      },
      "render_controllers": [
        "controller.render.der_freischutz"
      ],
      "animations": {
        "idle": "animation.der_freischutz.idle",
        "aim": "animation.der_freischutz.aim",
        "shoot": "animation.der_freischutz.shoot"
      },
      "scripts": {
        "animate": [
          "idle"
        ]
      },
      "spawn_egg": {
        "base_color": "#2F4F4F",
        "overlay_color": "#FF4500"
      }
    }
  }
}