{
  "format_version": "1.10.0",
  "minecraft:client_entity": {
    "description": {
      "identifier": "lc:fairy_festival",
      "materials": {
        "default": "entity_alphatest"
      },
      "textures": {
        "default": "textures/entity/fairy_festival_pixelart"
      },
      "geometry": {
        "default": "geometry.fairy_festival"
      },
      "render_controllers": [
        "controller.render.fairy_festival"
      ],
      "animations": {
        "fly": "animation.fairy_festival.fly",
        "wings": "animation.fairy_festival.wings",
        "sparkle": "animation.fairy_festival.sparkle"
      },
      "scripts": {
        "animate": [
          "fly",
          "wings",
          "sparkle"
        ]
      },
      "spawn_egg": {
        "base_color": "#FFB6C1",
        "overlay_color": "#FF69B4"
      }
    }
  }
}