{
  "format_version": "1.10.0",
  "minecraft:client_entity": {
    "description": {
      "identifier": "lc:funeral_butterflies",
      "materials": {
        "default": "entity_alphatest"
      },
      "textures": {
        "default": "textures/entity/funeral_uv"
      },
      "geometry": {
        "default": "geometry.funeral_butterflies"
      },
      "render_controllers": [
        "controller.render.funeral_butterflies"
      ],
      "animations": {
        "idle": "animation.funeral_butterflies.idle",
        "finger_snap": "animation.funeral_butterflies.finger_snap",
        "coffin_open": "animation.funeral_butterflies.coffin_open"
      },
      "scripts": {
        "animate": [
          "idle"
        ]
      },
      "spawn_egg": {
        "base_color": "#800080",
        "overlay_color": "#FFB6C1"
      }
    }
  }
}