{
  "format_version": "1.10.0",
  "minecraft:client_entity": {
    "description": {
      "identifier": "lc:judgement_bird",
      "materials": {
        "default": "entity_alphatest",
        "scales": "entity_emissive"
      },
      "textures": {
        "default": "textures/entity/judgement_bird"
      },
      "geometry": {
        "default": "geometry.judgement_bird"
      },
      "render_controllers": [
        "controller.render.judgement_bird"
      ],
      "animations": {
        "idle": "animation.judgement_bird.idle",
        "walk": "animation.judgement_bird.walk",
        "judgement_charge": "animation.judgement_bird.judgement_charge",
        "judgement_attack": "animation.judgement_bird.judgement_attack",
        "scales_glow": "animation.judgement_bird.scales_glow"
      },
      "scripts": {
        "animate": [
          "idle",
          "scales_glow"
        ]
      },
      "spawn_egg": {
        "base_color": "#000000",
        "overlay_color": "#C0C0C0"
      }
    }
  }
}