{
  "format_version": "1.10.0",
  "minecraft:client_entity": {
    "description": {
      "identifier": "lc:knight_despair",
      "materials": {
        "default": "entity_alphatest"
      },
      "textures": {
        "default": "textures/entity/knight_uv"
      },
      "geometry": {
        "default": "geometry.knight_despair"
      },
      "render_controllers": [
        "controller.render.knight_despair"
      ],
      "animations": {
        "idle": "animation.knight_despair.idle",
        "sword_charge": "animation.knight_despair.sword_charge",
        "sword_throw": "animation.knight_despair.sword_throw"
      },
      "scripts": {
        "animate": [
          "idle"
        ]
      },
      "spawn_egg": {
        "base_color": "#2F4F4F",
        "overlay_color": "#C0C0C0"
      }
    }
  }
}