{
  "format_version": "1.10.0",
  "minecraft:client_entity": {
    "description": {
      "identifier": "lc:laetitia",
      "materials": {
        "default": "entity_alphatest"
      },
      "textures": {
        "default": "textures/entity/laetitia"
      },
      "geometry": {
        "default": "geometry.laetitia"
      },
      "render_controllers": [
        "controller.render.laetitia"
      ],
      "animations": {
        "idle": "animation.laetitia.idle",
        "spawn_spider": "animation.laetitia.spawn_spider"
      },
      "scripts": {
        "animate": [
          "idle"
        ]
      },
      "spawn_egg": {
        "base_color": "#FFB6C1",
        "overlay_color": "#8B0000"
      }
    }
  }
}