{
  "format_version": "1.10.0",
  "minecraft:client_entity": {
    "description": {
      "identifier": "lc:laetitia_spider",
      "materials": {
        "default": "entity_alphatest"
      },
      "textures": {
        "default": "textures/entity/laetitia_spider"
      },
      "geometry": {
        "default": "geometry.laetitia_spider"
      },
      "render_controllers": [
        "controller.render.laetitia_spider"
      ],
      "animations": {
        "idle": "animation.laetitia_spider.idle",
        "attack": "animation.laetitia_spider.attack",
        "double_strike": "animation.laetitia_spider.double_strike"
      },
      "scripts": {
        "animate": [
          "idle"
        ]
      },
      "spawn_egg": {
        "base_color": "#8B0000",
        "overlay_color": "#FFB6C1"
      }
    }
  }
}