{
  "format_version": "1.10.0",
  "minecraft:client_entity": {
    "description": {
      "identifier": "lc:long_arms",
      "materials": {
        "default": "entity_alphatest"
      },
      "textures": {
        "default": "textures/entity/long_arms"
      },
      "geometry": {
        "default": "geometry.long_arms"
      },
      "render_controllers": [
        "controller.render.long_arms"
      ],
      "animations": {
        "idle": "animation.long_arms.idle",
        "absorb_pale": "animation.long_arms.absorb_pale"
      },
      "scripts": {
        "animate": [
          "idle"
        ]
      },
      "spawn_egg": {
        "base_color": "#87CEEB",
        "overlay_color": "#4682B4"
      }
    }
  }
}