{
  "format_version": "1.10.0",
  "minecraft:client_entity": {
    "description": {
      "identifier": "lc:one_sin",
      "materials": {
        "default": "entity_alphatest"
      },
      "textures": {
        "default": "textures/entity/one_sin_pixelart"
      },
      "geometry": {
        "default": "geometry.one_sin"
      },
      "render_controllers": [
        "controller.render.one_sin"
      ],
      "animations": {
        "float": "animation.one_sin.float",
        "glow": "animation.one_sin.glow"
      },
      "scripts": {
        "animate": [
          "float",
          "glow"
        ]
      },
      "spawn_egg": {
        "base_color": "#8B4513",
        "overlay_color": "#FFD700"
      }
    }
  }
}