{
  "format_version": "1.10.0",
  "minecraft:client_entity": {
    "description": {
      "identifier": "lc:punishing_bird_angry",
      "materials": {
        "default": "entity_alphatest"
      },
      "textures": {
        "default": "textures/entity/punishing_bird_angry_pixelart"
      },
      "geometry": {
        "default": "geometry.punishing_bird_angry"
      },
      "render_controllers": [
        "controller.render.punishing_bird_angry"
      ],
      "animations": {
        "idle": "animation.punishing_bird_angry.idle",
        "chest_attack": "animation.punishing_bird_angry.chest_attack",
        "rage_aura": "animation.punishing_bird_angry.rage_aura"
      },
      "scripts": {
        "animate": [
          "idle",
          "rage_aura"
        ]
      },
      "spawn_egg": {
        "base_color": "#FF0000",
        "overlay_color": "#8B0000"
      }
    }
  }
}