{
  "format_version": "1.10.0",
  "minecraft:client_entity": {
    "description": {
      "identifier": "lc:punishing_bird",
      "materials": {
        "default": "entity_alphatest"
      },
      "textures": {
        "default": "textures/entity/punishing_bird_pixelart"
      },
      "geometry": {
        "default": "geometry.punishing_bird"
      },
      "render_controllers": [
        "controller.render.punishing_bird"
      ],
      "animations": {
        "idle": "animation.punishing_bird.idle",
        "peck": "animation.punishing_bird.peck",
        "angry_transform": "animation.punishing_bird.angry_transform"
      },
      "scripts": {
        "animate": [
          "idle"
        ]
      },
      "spawn_egg": {
        "base_color": "#FFFFFF",
        "overlay_color": "#FF0000"
      }
    }
  }
}