{
  "format_version": "1.10.0",
  "minecraft:client_entity": {
    "description": {
      "identifier": "lc:queen_hatred_hysteric",
      "materials": {
        "default": "entity_alphatest"
      },
      "textures": {
        "default": "textures/entity/queen_uv"
      },
      "geometry": {
        "default": "geometry.queen_hatred"
      },
      "render_controllers": [
        "controller.render.queen_hatred_hysteric"
      ],
      "animations": {
        "idle": "animation.queen_hatred.idle",
        "laser_charge": "animation.queen_hatred.laser_charge",
        "laser_beam": "animation.queen_hatred.laser_beam",
        "laser_cooldown": "animation.queen_hatred.laser_cooldown"
      },
      "scripts": {
        "animate": [
          "idle"
        ]
      },
      "spawn_egg": {
        "base_color": "#8B0000",
        "overlay_color": "#FF0000"
      }
    }
  }
}