{
  "format_version": "1.10.0",
  "minecraft:client_entity": {
    "description": {
      "identifier": "lc:queen_hatred",
      "materials": {
        "default": "entity_alphatest",
        "laser": "entity_emissive"
      },
      "textures": {
        "default": "textures/entity/queen_uv",
        "hysteric": "textures/entity/queen_uv"
      },
      "geometry": {
        "default": "geometry.queen_hatred"
      },
      "render_controllers": [
        "controller.render.queen_hatred"
      ],
      "animations": {
        "idle": "animation.queen_hatred.idle",
        "transform": "animation.queen_hatred.transform",
        "laser_charge": "animation.queen_hatred.laser_charge",
        "laser_fire": "animation.queen_hatred.laser_fire",
        "laser_cooldown": "animation.queen_hatred.laser_cooldown"
      },
      "scripts": {
        "animate": [
          "idle"
        ]
      },
      "spawn_egg": {
        "base_color": "#8B0000",
        "overlay_color": "#FFD700"
      }
    }
  }
}