{
  "format_version": "1.10.0",
  "minecraft:client_entity": {
    "description": {
      "identifier": "lc:small_beak",
      "materials": {
        "default": "entity_alphatest"
      },
      "textures": {
        "default": "textures/entity/small_beak"
      },
      "geometry": {
        "default": "geometry.small_beak"
      },
      "render_controllers": [
        "controller.render.small_beak"
      ],
      "animations": {
        "idle": "animation.small_beak.idle",
        "absorb_red": "animation.small_beak.absorb_red"
      },
      "scripts": {
        "animate": [
          "idle"
        ]
      },
      "spawn_egg": {
        "base_color": "#FF0000",
        "overlay_color": "#8B0000"
      }
    }
  }
}