{
  "format_version": "1.10.0",
  "minecraft:client_entity": {
    "description": {
      "identifier": "lc:snow_queen",
      "materials": {
        "default": "entity_alphatest"
      },
      "textures": {
        "default": "textures/entity/snow_queen_pixelart"
      },
      "geometry": {
        "default": "geometry.snow_queen"
      },
      "render_controllers": [
        "controller.render.snow_queen"
      ],
      "animations": {
        "idle": "animation.snow_queen.idle",
        "ice_spears": "animation.snow_queen.ice_spears",
        "charge": "animation.snow_queen.charge"
      },
      "scripts": {
        "animate": [
          "idle"
        ]
      },
      "spawn_egg": {
        "base_color": "#B0E0E6",
        "overlay_color": "#4682B4"
      }
    }
  }
}