{
  "format_version": "1.10.0",
  "minecraft:client_entity": {
    "description": {
      "identifier": "lc:spider_bud",
      "materials": {
        "default": "entity_alphatest"
      },
      "textures": {
        "default": "textures/entity/spider_bud_pixelart"
      },
      "geometry": {
        "default": "geometry.spider_bud"
      },
      "render_controllers": [
        "controller.render.spider_bud"
      ],
      "animations": {
        "idle": "animation.spider_bud.idle",
        "lunge": "animation.spider_bud.lunge"
      },
      "scripts": {
        "animate": [
          "idle"
        ]
      },
      "spawn_egg": {
        "base_color": "#2F2F2F",
        "overlay_color": "#FF0000"
      }
    }
  }
}