{
  "format_version": "1.10.0",
  "minecraft:client_entity": {
    "description": {
      "identifier": "lc:void_dream_transformed",
      "materials": {
        "default": "entity_alphatest"
      },
      "textures": {
        "default": "textures/entity/void_uv"
      },
      "geometry": {
        "default": "geometry.void_dream"
      },
      "render_controllers": [
        "controller.render.void_dream_transformed"
      ],
      "animations": {
        "float": "animation.void_dream.float",
        "cackle": "animation.void_dream.cackle",
        "star_attack": "animation.void_dream.star_attack"
      },
      "scripts": {
        "animate": [
          "float"
        ]
      },
      "spawn_egg": {
        "base_color": "#4B0082",
        "overlay_color": "#8A2BE2"
      }
    }
  }
}