{
  "format_version": "1.10.0",
  "minecraft:client_entity": {
    "description": {
      "identifier": "lc:void_dream",
      "materials": {
        "default": "entity_alphatest"
      },
      "textures": {
        "default": "textures/entity/void_uv",
        "transformed": "textures/entity/void_uv"
      },
      "geometry": {
        "default": "geometry.void_dream"
      },
      "render_controllers": [
        "controller.render.void_dream"
      ],
      "animations": {
        "float": "animation.void_dream.float",
        "star_cast": "animation.void_dream.star_cast",
        "transform": "animation.void_dream.transform",
        "cackle": "animation.void_dream.cackle"
      },
      "scripts": {
        "animate": [
          "float"
        ]
      },
      "spawn_egg": {
        "base_color": "#FFFFFF",
        "overlay_color": "#9932CC"
      }
    }
  }
}