{
  "format_version": "1.12.0",
  "minecraft:geometry": [
    {
      "description": {
        "identifier": "geometry.apocalypse_bird",
        "texture_width": 128,
        "texture_height": 128,
        "visible_bounds_width": 8,
        "visible_bounds_height": 12,
        "visible_bounds_offset": [0, 4, 0]
      },
      "bones": [
        {
          "name": "root",
          "pivot": [0, 0, 0]
        },
        {
          "name": "body",
          "parent": "root",
          "pivot": [0, 12, 0],
          "cubes": [
            {
              "origin": [-6, 8, -4],
              "size": [12, 8, 8],
              "uv": [0, 0]
            }
          ]
        },
        {
          "name": "head",
          "parent": "body",
          "pivot": [0, 20, 0],
          "cubes": [
            {
              "origin": [-4, 20, -4],
              "size": [8, 8, 8],
              "uv": [32, 0]
            }
          ]
        },
        {
          "name": "beak",
          "parent": "head",
          "pivot": [0, 22, -4],
          "cubes": [
            {
              "origin": [-2, 20, -8],
              "size": [4, 4, 4],
              "uv": [0, 16]
            }
          ]
        },
        {
          "name": "left_wing",
          "parent": "body",
          "pivot": [-6, 16, 0],
          "rotation": [0, 0, -15],
          "cubes": [
            {
              "origin": [-12, 8, -2],
              "size": [6, 12, 4],
              "uv": [64, 0]
            }
          ]
        },
        {
          "name": "right_wing",
          "parent": "body",
          "pivot": [6, 16, 0],
          "rotation": [0, 0, 15],
          "cubes": [
            {
              "origin": [6, 8, -2],
              "size": [6, 12, 4],
              "uv": [64, 16]
            }
          ]
        },
        {
          "name": "left_leg",
          "parent": "body",
          "pivot": [-3, 8, 0],
          "cubes": [
            {
              "origin": [-5, 0, -2],
              "size": [4, 8, 4],
              "uv": [16, 16]
            }
          ]
        },
        {
          "name": "right_leg",
          "parent": "body",
          "pivot": [3, 8, 0],
          "cubes": [
            {
              "origin": [1, 0, -2],
              "size": [4, 8, 4],
              "uv": [32, 16]
            }
          ]
        },
        {
          "name": "tail",
          "parent": "body",
          "pivot": [0, 12, 4],
          "rotation": [15, 0, 0],
          "cubes": [
            {
              "origin": [-3, 8, 4],
              "size": [6, 8, 2],
              "uv": [48, 16]
            }
          ]
        },
        {
          "name": "crown",
          "parent": "head",
          "pivot": [0, 28, 0],
          "cubes": [
            {
              "origin": [-2, 28, -2],
              "size": [4, 4, 4],
              "uv": [80, 0]
            }
          ]
        },
        {
          "name": "darkness_aura",
          "parent": "root",
          "pivot": [0, 16, 0],
          "cubes": [
            {
              "origin": [-8, 0, -8],
              "size": [16, 32, 16],
              "uv": [0, 32],
              "inflate": 2
            }
          ]
        }
      ]
    }
  ]
}