{
  "format_version": "1.12.0",
  "minecraft:geometry": [
    {
      "description": {
        "identifier": "geometry.big_eyes",
        "texture_width": 64,
        "texture_height": 64,
        "visible_bounds_width": 2,
        "visible_bounds_height": 2,
        "visible_bounds_offset": [0, 1, 0]
      },
      "bones": [
        {
          "name": "root",
          "pivot": [0, 0, 0]
        },
        {
          "name": "egg_shell",
          "parent": "root",
          "pivot": [0, 8, 0],
          "cubes": [
            {
              "origin": [-6, 0, -6],
              "size": [12, 16, 12],
              "uv": [0, 0]
            }
          ]
        },
        {
          "name": "big_eye_1",
          "parent": "egg_shell",
          "pivot": [0, 12, -6],
          "cubes": [
            {
              "origin": [-3, 9, -7],
              "size": [6, 6, 1],
              "uv": [48, 0]
            }
          ]
        },
        {
          "name": "big_eye_2",
          "parent": "egg_shell",
          "pivot": [-6, 10, 0],
          "cubes": [
            {
              "origin": [-7, 7, -3],
              "size": [1, 6, 6],
              "uv": [48, 8]
            }
          ]
        },
        {
          "name": "big_eye_3",
          "parent": "egg_shell",
          "pivot": [6, 10, 0],
          "cubes": [
            {
              "origin": [6, 7, -3],
              "size": [1, 6, 6],
              "uv": [48, 16]
            }
          ]
        },
        {
          "name": "small_eyes",
          "parent": "egg_shell",
          "pivot": [0, 8, 0],
          "cubes": [
            {
              "origin": [-2, 4, -7],
              "size": [1, 1, 1],
              "uv": [56, 0]
            },
            {
              "origin": [1, 4, -7],
              "size": [1, 1, 1],
              "uv": [56, 0]
            },
            {
              "origin": [-4, 6, -7],
              "size": [1, 1, 1],
              "uv": [56, 0]
            },
            {
              "origin": [3, 6, -7],
              "size": [1, 1, 1],
              "uv": [56, 0]
            }
          ]
        },
        {
          "name": "black_aura",
          "parent": "root",
          "pivot": [0, 8, 0],
          "cubes": [
            {
              "origin": [-8, -2, -8],
              "size": [16, 20, 16],
              "uv": [0, 32],
              "inflate": 1
            }
          ]
        }
      ]
    }
  ]
}