{
  "format_version": "1.12.0",
  "minecraft:geometry": [
    {
      "description": {
        "identifier": "geometry.big_bird",
        "texture_width": 128,
        "texture_height": 128,
        "visible_bounds_width": 4,
        "visible_bounds_height": 4,
        "visible_bounds_offset": [0, 2, 0]
      },
      "bones": [
        {
          "name": "root",
          "pivot": [0, 0, 0]
        },
        {
          "name": "body",
          "parent": "root",
          "pivot": [0, 16, 0],
          "cubes": [
            {
              "origin": [-8, 8, -8],
              "size": [16, 16, 16],
              "uv": [0, 0]
            }
          ]
        },
        {
          "name": "beak",
          "parent": "body",
          "pivot": [0, 16, -8],
          "cubes": [
            {
              "origin": [-2, 14, -12],
              "size": [4, 4, 4],
              "uv": [64, 0]
            }
          ]
        },
        {
          "name": "inner_beak",
          "parent": "beak",
          "pivot": [0, 16, -10],
          "cubes": [
            {
              "origin": [-1, 15, -10],
              "size": [2, 2, 2],
              "uv": [80, 0]
            }
          ]
        },
        {
          "name": "left_arm",
          "parent": "body",
          "pivot": [-8, 20, 0],
          "cubes": [
            {
              "origin": [-12, 12, -2],
              "size": [4, 8, 4],
              "uv": [0, 32]
            }
          ]
        },
        {
          "name": "right_arm",
          "parent": "body",
          "pivot": [8, 20, 0],
          "cubes": [
            {
              "origin": [8, 12, -2],
              "size": [4, 8, 4],
              "uv": [16, 32]
            }
          ]
        },
        {
          "name": "lamp",
          "parent": "right_arm",
          "pivot": [10, 12, 0],
          "cubes": [
            {
              "origin": [9, 8, -1],
              "size": [2, 4, 2],
              "uv": [32, 32]
            },
            {
              "origin": [8.5, 12, -1.5],
              "size": [3, 3, 3],
              "uv": [40, 32]
            }
          ]
        },
        {
          "name": "lamp_glow",
          "parent": "lamp",
          "pivot": [10, 13.5, 0],
          "cubes": [
            {
              "origin": [8, 11, -2],
              "size": [4, 5, 4],
              "uv": [56, 32],
              "inflate": 0.5
            }
          ]
        },
        {
          "name": "eyes_layer1",
          "parent": "body",
          "pivot": [0, 16, 0],
          "cubes": [
            {
              "origin": [-8.1, 7.9, -8.1],
              "size": [16.2, 16.2, 16.2],
              "uv": [0, 48],
              "inflate": 0.1
            }
          ]
        },
        {
          "name": "eyes_layer2",
          "parent": "body",
          "pivot": [0, 16, 0],
          "cubes": [
            {
              "origin": [-8.2, 7.8, -8.2],
              "size": [16.4, 16.4, 16.4],
              "uv": [0, 80],
              "inflate": 0.2
            }
          ]
        }
      ]
    }
  ]
}