{
  "format_version": "1.12.0",
  "minecraft:geometry": [
    {
      "description": {
        "identifier": "geometry.fairy_festival",
        "texture_width": 64,
        "texture_height": 64
      },
      "bones": [
        {
          "name": "root",
          "pivot": [
            0,
            0,
            0
          ]
        },
        {
          "name": "dress",
          "parent": "root",
          "pivot": [
            0,
            5,
            0
          ],
          "cubes": [
            {
              "origin": [
                -6,
                0,
                -6
              ],
              "size": [
                12,
                10,
                12
              ],
              "uv": [
                0,
                32
              ]
            }
          ]
        },
        {
          "name": "body",
          "parent": "dress",
          "pivot": [
            0,
            15,
            0
          ],
          "cubes": [
            {
              "origin": [
                -3,
                10,
                -2
              ],
              "size": [
                6,
                10,
                4
              ],
              "uv": [
                16,
                16
              ]
            }
          ]
        },
        {
          "name": "head",
          "parent": "body",
          "pivot": [
            0,
            20,
            0
          ],
          "cubes": [
            {
              "origin": [
                -3.5,
                20,
                -3.5
              ],
              "size": [
                7,
                7,
                7
              ],
              "uv": [
                0,
                0
              ]
            }
          ]
        },
        {
          "name": "left_arm",
          "parent": "body",
          "pivot": [
            -3.5,
            18,
            0
          ],
          "cubes": [
            {
              "origin": [
                -5,
                10,
                -1.5
              ],
              "size": [
                3,
                10,
                3
              ],
              "uv": [
                40,
                20
              ]
            }
          ]
        },
        {
          "name": "right_arm",
          "parent": "body",
          "pivot": [
            3.5,
            18,
            0
          ],
          "cubes": [
            {
              "origin": [
                2,
                10,
                -1.5
              ],
              "size": [
                3,
                10,
                3
              ],
              "uv": [
                48,
                20
              ]
            }
          ]
        }
      ]
    }
  ]
}