{
  "format_version": "1.12.0",
  "minecraft:geometry": [
    {
      "description": {
        "identifier": "geometry.judgement_bird",
        "texture_width": 128,
        "texture_height": 128,
        "visible_bounds_width": 3,
        "visible_bounds_height": 6,
        "visible_bounds_offset": [0, 3, 0]
      },
      "bones": [
        {
          "name": "root",
          "pivot": [0, 0, 0]
        },
        {
          "name": "body",
          "parent": "root",
          "pivot": [0, 24, 0],
          "cubes": [
            {
              "origin": [-6, 18, -6],
              "size": [12, 12, 12],
              "uv": [0, 0]
            }
          ]
        },
        {
          "name": "neck",
          "parent": "body",
          "pivot": [0, 30, 0],
          "rotation": [15, 0, 0],
          "cubes": [
            {
              "origin": [-2, 30, -2],
              "size": [4, 12, 4],
              "uv": [48, 0]
            }
          ]
        },
        {
          "name": "head",
          "parent": "neck",
          "pivot": [0, 42, 0],
          "rotation": [-15, 0, 0],
          "cubes": [
            {
              "origin": [-3, 40, -4],
              "size": [6, 6, 6],
              "uv": [0, 32]
            }
          ]
        },
        {
          "name": "beak",
          "parent": "head",
          "pivot": [0, 42, -4],
          "cubes": [
            {
              "origin": [-1, 41, -8],
              "size": [2, 2, 4],
              "uv": [24, 32]
            }
          ]
        },
        {
          "name": "scales",
          "parent": "neck",
          "pivot": [0, 36, 0],
          "cubes": [
            {
              "origin": [-4, 32, -4],
              "size": [8, 8, 8],
              "uv": [64, 0]
            }
          ]
        },
        {
          "name": "left_wing",
          "parent": "body",
          "pivot": [-6, 26, 0],
          "rotation": [0, 0, -30],
          "cubes": [
            {
              "origin": [-12, 20, -2],
              "size": [6, 12, 4],
              "uv": [0, 48]
            }
          ]
        },
        {
          "name": "right_wing",
          "parent": "body",
          "pivot": [6, 26, 0],
          "rotation": [0, 0, 30],
          "cubes": [
            {
              "origin": [6, 20, -2],
              "size": [6, 12, 4],
              "uv": [20, 48]
            }
          ]
        },
        {
          "name": "left_arm",
          "parent": "body",
          "pivot": [-6, 24, 0],
          "cubes": [
            {
              "origin": [-8, 12, -1],
              "size": [2, 12, 2],
              "uv": [40, 48]
            }
          ]
        },
        {
          "name": "right_arm",
          "parent": "body",
          "pivot": [6, 24, 0],
          "cubes": [
            {
              "origin": [6, 12, -1],
              "size": [2, 12, 2],
              "uv": [48, 48]
            }
          ]
        },
        {
          "name": "left_leg",
          "parent": "body",
          "pivot": [-3, 18, 0],
          "cubes": [
            {
              "origin": [-4, 6, -1],
              "size": [2, 12, 2],
              "uv": [56, 48]
            }
          ]
        },
        {
          "name": "right_leg",
          "parent": "body",
          "pivot": [3, 18, 0],
          "cubes": [
            {
              "origin": [2, 6, -1],
              "size": [2, 12, 2],
              "uv": [64, 48]
            }
          ]
        }
      ]
    }
  ]
}