{
  "format_version": "1.12.0",
  "minecraft:geometry": [
    {
      "description": {
        "identifier": "geometry.laetitia",
        "texture_width": 64,
        "texture_height": 64,
        "visible_bounds_width": 2,
        "visible_bounds_height": 3,
        "visible_bounds_offset": [0, 1.5, 0]
      },
      "bones": [
        {
          "name": "root",
          "pivot": [0, 0, 0]
        },
        {
          "name": "body",
          "parent": "root",
          "pivot": [0, 12, 0],
          "cubes": [
            {
              "origin": [-3, 8, -2],
              "size": [6, 8, 4],
              "uv": [0, 0]
            }
          ]
        },
        {
          "name": "head",
          "parent": "body",
          "pivot": [0, 20, 0],
          "cubes": [
            {
              "origin": [-4, 16, -4],
              "size": [8, 8, 8],
              "uv": [24, 0]
            }
          ]
        },
        {
          "name": "hair",
          "parent": "head",
          "pivot": [0, 24, 0],
          "cubes": [
            {
              "origin": [-5, 24, -5],
              "size": [10, 4, 10],
              "uv": [0, 16]
            }
          ]
        },
        {
          "name": "dress",
          "parent": "body",
          "pivot": [0, 8, 0],
          "cubes": [
            {
              "origin": [-5, 0, -5],
              "size": [10, 8, 10],
              "uv": [0, 32]
            }
          ]
        },
        {
          "name": "left_arm",
          "parent": "body",
          "pivot": [-4, 14, 0],
          "cubes": [
            {
              "origin": [-6, 8, -2],
              "size": [3, 8, 4],
              "uv": [48, 0]
            }
          ]
        },
        {
          "name": "right_arm",
          "parent": "body",
          "pivot": [4, 14, 0],
          "cubes": [
            {
              "origin": [3, 8, -2],
              "size": [3, 8, 4],
              "uv": [48, 12]
            }
          ]
        }
      ]
    }
  ]
}