{
  "format_version": "1.12.0",
  "minecraft:geometry": [
    {
      "description": {
        "identifier": "geometry.laetitia_spider",
        "texture_width": 64,
        "texture_height": 32,
        "visible_bounds_width": 2,
        "visible_bounds_height": 1,
        "visible_bounds_offset": [0, 0.5, 0]
      },
      "bones": [
        {
          "name": "root",
          "pivot": [0, 0, 0]
        },
        {
          "name": "body",
          "parent": "root",
          "pivot": [0, 4, 0],
          "cubes": [
            {
              "origin": [-3, 2, -6],
              "size": [6, 4, 12],
              "uv": [0, 0]
            }
          ]
        },
        {
          "name": "head",
          "parent": "body",
          "pivot": [0, 4, -6],
          "cubes": [
            {
              "origin": [-2, 2, -8],
              "size": [4, 4, 2],
              "uv": [32, 0]
            }
          ]
        },
        {
          "name": "leg1",
          "parent": "body",
          "pivot": [-3, 4, -2],
          "cubes": [
            {
              "origin": [-7, 0, -3],
              "size": [4, 4, 2],
              "uv": [0, 16]
            }
          ]
        },
        {
          "name": "leg2",
          "parent": "body",
          "pivot": [3, 4, -2],
          "cubes": [
            {
              "origin": [3, 0, -3],
              "size": [4, 4, 2],
              "uv": [8, 16]
            }
          ]
        },
        {
          "name": "leg3",
          "parent": "body",
          "pivot": [-3, 4, 2],
          "cubes": [
            {
              "origin": [-7, 0, 1],
              "size": [4, 4, 2],
              "uv": [16, 16]
            }
          ]
        },
        {
          "name": "leg4",
          "parent": "body",
          "pivot": [3, 4, 2],
          "cubes": [
            {
              "origin": [3, 0, 1],
              "size": [4, 4, 2],
              "uv": [24, 16]
            }
          ]
        }
      ]
    }
  ]
}