{
  "format_version": "1.12.0",
  "minecraft:geometry": [
    {
      "description": {
        "identifier": "geometry.long_arms",
        "texture_width": 64,
        "texture_height": 64,
        "visible_bounds_width": 3,
        "visible_bounds_height": 2,
        "visible_bounds_offset": [0, 1, 0]
      },
      "bones": [
        {
          "name": "root",
          "pivot": [0, 0, 0]
        },
        {
          "name": "egg_shell",
          "parent": "root",
          "pivot": [0, 8, 0],
          "cubes": [
            {
              "origin": [-6, 0, -6],
              "size": [12, 16, 12],
              "uv": [0, 0]
            }
          ]
        },
        {
          "name": "bandages",
          "parent": "egg_shell",
          "pivot": [0, 8, 0],
          "cubes": [
            {
              "origin": [-7, 2, -7],
              "size": [14, 2, 14],
              "uv": [0, 32]
            },
            {
              "origin": [-7, 6, -7],
              "size": [14, 2, 14],
              "uv": [0, 34]
            },
            {
              "origin": [-7, 10, -7],
              "size": [14, 2, 14],
              "uv": [0, 36]
            },
            {
              "origin": [-7, 14, -7],
              "size": [14, 2, 14],
              "uv": [0, 38]
            }
          ]
        },
        {
          "name": "left_arm",
          "parent": "egg_shell",
          "pivot": [-6, 8, 0],
          "cubes": [
            {
              "origin": [-18, 6, -2],
              "size": [12, 4, 4],
              "uv": [48, 0]
            }
          ]
        },
        {
          "name": "right_arm",
          "parent": "egg_shell",
          "pivot": [6, 8, 0],
          "cubes": [
            {
              "origin": [6, 6, -2],
              "size": [12, 4, 4],
              "uv": [48, 8]
            }
          ]
        },
        {
          "name": "pale_aura",
          "parent": "root",
          "pivot": [0, 8, 0],
          "cubes": [
            {
              "origin": [-8, -2, -8],
              "size": [16, 20, 16],
              "uv": [0, 48],
              "inflate": 1
            }
          ]
        }
      ]
    }
  ]
}