{
  "format_version": "1.12.0",
  "minecraft:geometry": [
    {
      "description": {
        "identifier": "geometry.one_sin",
        "texture_width": 64,
        "texture_height": 64,
        "visible_bounds_width": 4,
        "visible_bounds_height": 3,
        "visible_bounds_offset": [
          0,
          1,
          0
        ]
      },
      "bones": [
        {
          "name": "root",
          "pivot": [
            0,
            0,
            0
          ]
        },
        {
          "name": "dress",
          "parent": "root",
          "pivot": [
            0,
            4,
            0
          ],
          "cubes": [
            {
              "origin": [
                -8,
                0,
                -8
              ],
              "size": [
                16,
                8,
                16
              ],
              "uv": [
                0,
                48
              ],
              "inflate": 0.2
            }
          ]
        },
        {
          "name": "body",
          "parent": "root",
          "pivot": [
            0,
            12,
            0
          ],
          "cubes": [
            {
              "origin": [
                -8,
                8,
                -4
              ],
              "size": [
                16,
                8,
                8
              ],
              "uv": [
                16,
                32
              ]
            }
          ]
        },
        {
          "name": "left_arm",
          "parent": "body",
          "pivot": [
            -10,
            14,
            0
          ],
          "cubes": [
            {
              "origin": [
                -12,
                8,
                -2
              ],
              "size": [
                4,
                8,
                4
              ],
              "uv": [
                40,
                32
              ]
            }
          ]
        },
        {
          "name": "right_arm",
          "parent": "body",
          "pivot": [
            10,
            14,
            0
          ],
          "cubes": [
            {
              "origin": [
                8,
                8,
                -2
              ],
              "size": [
                4,
                8,
                4
              ],
              "uv": [
                48,
                32
              ]
            }
          ]
        },
        {
          "name": "head",
          "parent": "body",
          "pivot": [
            0,
            16,
            0
          ],
          "cubes": [
            {
              "origin": [
                -10,
                16,
                -10
              ],
              "size": [
                19,
                6,
                19
              ],
              "uv": [
                0,
                0
              ]
            }
          ]
        }
      ]
    }
  ]
}