{
  "format_version": "1.12.0",
  "minecraft:geometry": [
    {
      "description": {
        "identifier": "geometry.punishing_bird_angry",
        "texture_width": 64,
        "texture_height": 64
      },
      "bones": [
        {
          "name": "root",
          "pivot": [
            0,
            0,
            0
          ]
        },
        {
          "name": "body",
          "parent": "root",
          "pivot": [
            0,
            6,
            0
          ],
          "cubes": [
            {
              "origin": [
                -3.5,
                4,
                -2.5
              ],
              "size": [
                7,
                10,
                5
              ],
              "uv": [
                16,
                16
              ]
            }
          ]
        },
        {
          "name": "head",
          "parent": "body",
          "pivot": [
            0,
            14,
            -1
          ],
          "cubes": [
            {
              "origin": [
                -3.5,
                14,
                -3.5
              ],
              "size": [
                7,
                7,
                7
              ],
              "uv": [
                0,
                0
              ]
            }
          ]
        },
        {
          "name": "jaw",
          "parent": "body",
          "pivot": [
            0,
            6,
            -2
          ],
          "cubes": [
            {
              "origin": [
                -2,
                4,
                -3
              ],
              "size": [
                4,
                3,
                2
              ],
              "uv": [
                32,
                0
              ]
            }
          ]
        },
        {
          "name": "left_wing",
          "parent": "body",
          "pivot": [
            -3.5,
            12,
            0
          ],
          "cubes": [
            {
              "origin": [
                -6,
                6,
                -1.5
              ],
              "size": [
                4,
                8,
                3
              ],
              "uv": [
                40,
                20
              ]
            }
          ]
        },
        {
          "name": "right_wing",
          "parent": "body",
          "pivot": [
            3.5,
            12,
            0
          ],
          "cubes": [
            {
              "origin": [
                2,
                6,
                -1.5
              ],
              "size": [
                4,
                8,
                3
              ],
              "uv": [
                48,
                20
              ]
            }
          ]
        }
      ]
    }
  ]
}