{
  "format_version": "1.12.0",
  "minecraft:geometry": [
    {
      "description": {
        "identifier": "geometry.punishing_bird",
        "texture_width": 64,
        "texture_height": 64
      },
      "bones": [
        {
          "name": "root",
          "pivot": [
            0,
            0,
            0
          ]
        },
        {
          "name": "body",
          "parent": "root",
          "pivot": [
            0,
            4,
            0
          ],
          "cubes": [
            {
              "origin": [
                -3,
                2,
                -2
              ],
              "size": [
                6,
                8,
                4
              ],
              "uv": [
                16,
                16
              ]
            }
          ]
        },
        {
          "name": "head",
          "parent": "body",
          "pivot": [
            0,
            10,
            -1
          ],
          "cubes": [
            {
              "origin": [
                -3,
                10,
                -3
              ],
              "size": [
                6,
                6,
                6
              ],
              "uv": [
                0,
                0
              ]
            }
          ]
        },
        {
          "name": "left_wing",
          "parent": "body",
          "pivot": [
            -3,
            8,
            0
          ],
          "cubes": [
            {
              "origin": [
                -5,
                4,
                -1
              ],
              "size": [
                3,
                6,
                2
              ],
              "uv": [
                40,
                20
              ]
            }
          ]
        },
        {
          "name": "right_wing",
          "parent": "body",
          "pivot": [
            3,
            8,
            0
          ],
          "cubes": [
            {
              "origin": [
                2,
                4,
                -1
              ],
              "size": [
                3,
                6,
                2
              ],
              "uv": [
                48,
                20
              ]
            }
          ]
        },
        {
          "name": "tail",
          "parent": "body",
          "pivot": [
            0,
            4,
            2
          ],
          "cubes": [
            {
              "origin": [
                -1,
                2,
                2
              ],
              "size": [
                2,
                4,
                3
              ],
              "uv": [
                0,
                48
              ]
            }
          ]
        }
      ]
    }
  ]
}