{
  "format_version": "1.12.0",
  "minecraft:geometry": [
    {
      "description": {
        "identifier": "geometry.small_beak",
        "texture_width": 64,
        "texture_height": 64,
        "visible_bounds_width": 2,
        "visible_bounds_height": 2,
        "visible_bounds_offset": [0, 1, 0]
      },
      "bones": [
        {
          "name": "root",
          "pivot": [0, 0, 0]
        },
        {
          "name": "egg_shell",
          "parent": "root",
          "pivot": [0, 8, 0],
          "cubes": [
            {
              "origin": [-6, 0, -6],
              "size": [12, 16, 12],
              "uv": [0, 0]
            }
          ]
        },
        {
          "name": "beak",
          "parent": "egg_shell",
          "pivot": [0, 8, -6],
          "cubes": [
            {
              "origin": [-2, 6, -10],
              "size": [4, 4, 4],
              "uv": [48, 0]
            }
          ]
        },
        {
          "name": "red_aura",
          "parent": "root",
          "pivot": [0, 8, 0],
          "cubes": [
            {
              "origin": [-8, -2, -8],
              "size": [16, 20, 16],
              "uv": [0, 32],
              "inflate": 1
            }
          ]
        }
      ]
    }
  ]
}