{
  "format_version": "1.12.0",
  "minecraft:geometry": [
    {
      "description": {
        "identifier": "geometry.snow_queen",
        "texture_width": 64,
        "texture_height": 64,
        "visible_bounds_width": 2,
        "visible_bounds_height": 3,
        "visible_bounds_offset": [0, 1.5, 0]
      },
      "bones": [
        {
          "name": "root",
          "pivot": [0, 0, 0]
        },
        {
          "name": "dress",
          "parent": "root",
          "pivot": [0, 6, 0],
          "cubes": [
            {
              "origin": [-5, 0, -5],
              "size": [10, 12, 10],
              "uv": [0, 32]
            }
          ]
        },
        {
          "name": "body",
          "parent": "dress",
          "pivot": [0, 18, 0],
          "cubes": [
            {
              "origin": [-3, 12, -2],
              "size": [6, 8, 4],
              "uv": [16, 20]
            }
          ]
        },
        {
          "name": "head",
          "parent": "body",
          "pivot": [0, 20, 0],
          "cubes": [
            {
              "origin": [-3, 20, -3],
              "size": [6, 6, 6],
              "uv": [0, 0]
            }
          ]
        },
        {
          "name": "left_arm",
          "parent": "body",
          "pivot": [-3, 19, 0],
          "cubes": [
            {
              "origin": [-5, 12, -1.5],
              "size": [2, 7, 3],
              "uv": [40, 20]
            }
          ]
        },
        {
          "name": "right_arm",
          "parent": "body",
          "pivot": [3, 19, 0],
          "cubes": [
            {
              "origin": [3, 12, -1.5],
              "size": [2, 7, 3],
              "uv": [48, 20]
            }
          ]
        }
      ]
    }
  ]
}
