{
  "format_version": "1.12.0",
  "minecraft:geometry": [
    {
      "description": {
        "identifier": "geometry.snow_queen",
        "texture_width": 128,
        "texture_height": 128,
        "visible_bounds_width": 3,
        "visible_bounds_height": 4.5,
        "visible_bounds_offset": [0, 2.25, 0]
      },
      "bones": [
        {
          "name": "root",
          "pivot": [0, 0, 0]
        },
        {
          "name": "body",
          "parent": "root",
          "pivot": [0, 12, 0],
          "cubes": [
            {
              "origin": [-4, 8, -2],
              "size": [8, 8, 4],
              "uv": [0, 0],
              "inflate": 0.1
            }
          ]
        },
        {
          "name": "head",
          "parent": "body",
          "pivot": [0, 20, 0],
          "cubes": [
            {
              "origin": [-4, 16, -4],
              "size": [8, 8, 8],
              "uv": [48, 0],
              "inflate": 0.2
            }
          ]
        },
        {
          "name": "ice_crown",
          "parent": "head",
          "pivot": [0, 24, 0],
          "cubes": [
            {
              "origin": [-5, 24, -5],
              "size": [10, 4, 10],
              "uv": [0, 32],
              "inflate": 0.1
            },
            {
              "origin": [-1, 28, -1],
              "size": [2, 3, 2],
              "uv": [112, 0]
            },
            {
              "origin": [-4, 27, -4],
              "size": [1, 2, 1],
              "uv": [112, 8]
            },
            {
              "origin": [3, 27, -4],
              "size": [1, 2, 1],
              "uv": [116, 8]
            },
            {
              "origin": [-4, 27, 3],
              "size": [1, 2, 1],
              "uv": [120, 8]
            },
            {
              "origin": [3, 27, 3],
              "size": [1, 2, 1],
              "uv": [124, 8]
            }
          ]
        },
        {
          "name": "hair_left",
          "parent": "head",
          "pivot": [-4, 20, 0],
          "cubes": [
            {
              "origin": [-5, 16, -3],
              "size": [1, 6, 6],
              "uv": [96, 16]
            }
          ]
        },
        {
          "name": "hair_right",
          "parent": "head",
          "pivot": [4, 20, 0],
          "cubes": [
            {
              "origin": [4, 16, -3],
              "size": [1, 6, 6],
              "uv": [104, 16]
            }
          ]
        },
        {
          "name": "dress",
          "parent": "body",
          "pivot": [0, 8, 0],
          "cubes": [
            {
              "origin": [-7, 0, -7],
              "size": [14, 8, 14],
              "uv": [0, 64],
              "inflate": 0.2
            }
          ]
        },
        {
          "name": "dress_layer2",
          "parent": "dress",
          "pivot": [0, 4, 0],
          "cubes": [
            {
              "origin": [-6, 0, -6],
              "size": [12, 6, 12],
              "uv": [56, 64],
              "inflate": 0.3
            }
          ]
        },
        {
          "name": "left_arm",
          "parent": "body",
          "pivot": [-6, 14, 0],
          "cubes": [
            {
              "origin": [-8, 8, -2],
              "size": [4, 8, 4],
              "uv": [96, 0],
              "inflate": 0.1
            }
          ]
        },
        {
          "name": "left_hand",
          "parent": "left_arm",
          "pivot": [-6, 8, 0],
          "cubes": [
            {
              "origin": [-8, 6, -2],
              "size": [4, 2, 4],
              "uv": [96, 32],
              "inflate": 0.15
            }
          ]
        },
        {
          "name": "right_arm",
          "parent": "body",
          "pivot": [6, 14, 0],
          "cubes": [
            {
              "origin": [4, 8, -2],
              "size": [4, 8, 4],
              "uv": [96, 12],
              "inflate": 0.1
            }
          ]
        },
        {
          "name": "right_hand",
          "parent": "right_arm",
          "pivot": [6, 8, 0],
          "cubes": [
            {
              "origin": [4, 6, -2],
              "size": [4, 2, 4],
              "uv": [96, 38],
              "inflate": 0.15
            }
          ]
        },
        {
          "name": "ice_spear_1",
          "parent": "root",
          "pivot": [-3, 20, 0],
          "rotation": [0, 0, -15],
          "cubes": [
            {
              "origin": [-4, 20, -0.5],
              "size": [1, 6, 1],
              "uv": [112, 16]
            },
            {
              "origin": [-3.5, 26, -0.5],
              "size": [0.5, 2, 0.5],
              "uv": [116, 16]
            }
          ]
        },
        {
          "name": "ice_spear_2",
          "parent": "root",
          "pivot": [3, 20, 0],
          "rotation": [0, 0, 15],
          "cubes": [
            {
              "origin": [3, 20, -0.5],
              "size": [1, 6, 1],
              "uv": [120, 16]
            },
            {
              "origin": [3, 26, -0.5],
              "size": [0.5, 2, 0.5],
              "uv": [124, 16]
            }
          ]
        },
        {
          "name": "ice_spear_3",
          "parent": "root",
          "pivot": [0, 22, -3],
          "rotation": [15, 0, 0],
          "cubes": [
            {
              "origin": [-0.5, 22, -4],
              "size": [1, 5, 1],
              "uv": [112, 24]
            }
          ]
        },
        {
          "name": "ice_particles",
          "parent": "body",
          "pivot": [0, 16, 0],
          "cubes": [
            {
              "origin": [-6, 14, -6],
              "size": [1, 1, 1],
              "uv": [120, 24]
            },
            {
              "origin": [5, 15, -5],
              "size": [1, 1, 1],
              "uv": [124, 24]
            },
            {
              "origin": [-5, 13, 5],
              "size": [1, 1, 1],
              "uv": [120, 28]
            },
            {
              "origin": [4, 14, 4],
              "size": [1, 1, 1],
              "uv": [124, 28]
            }
          ]
        }
      ]
    }
  ]
}
