{
  "format_version": "1.12.0",
  "minecraft:geometry": [
    {
      "description": {
        "identifier": "geometry.spider_bud",
        "texture_width": 64,
        "texture_height": 64
      },
      "bones": [
        {
          "name": "root",
          "pivot": [
            0,
            0,
            0
          ]
        },
        {
          "name": "body",
          "parent": "root",
          "pivot": [
            0,
            4,
            0
          ],
          "cubes": [
            {
              "origin": [
                -5,
                2,
                -4
              ],
              "size": [
                10,
                8,
                8
              ],
              "uv": [
                16,
                16
              ]
            }
          ]
        },
        {
          "name": "head",
          "parent": "body",
          "pivot": [
            0,
            6,
            -4
          ],
          "cubes": [
            {
              "origin": [
                -4,
                4,
                -8
              ],
              "size": [
                8,
                6,
                8
              ],
              "uv": [
                0,
                0
              ]
            }
          ]
        },
        {
          "name": "leg1",
          "parent": "body",
          "pivot": [
            -5,
            4,
            -2
          ],
          "cubes": [
            {
              "origin": [
                -7,
                0,
                -3
              ],
              "size": [
                2,
                8,
                2
              ],
              "uv": [
                40,
                20
              ]
            }
          ]
        },
        {
          "name": "leg2",
          "parent": "body",
          "pivot": [
            5,
            4,
            -2
          ],
          "cubes": [
            {
              "origin": [
                5,
                0,
                -3
              ],
              "size": [
                2,
                8,
                2
              ],
              "uv": [
                48,
                20
              ]
            }
          ]
        },
        {
          "name": "leg3",
          "parent": "body",
          "pivot": [
            -5,
            4,
            2
          ],
          "cubes": [
            {
              "origin": [
                -7,
                0,
                1
              ],
              "size": [
                2,
                8,
                2
              ],
              "uv": [
                40,
                28
              ]
            }
          ]
        },
        {
          "name": "leg4",
          "parent": "body",
          "pivot": [
            5,
            4,
            2
          ],
          "cubes": [
            {
              "origin": [
                5,
                0,
                1
              ],
              "size": [
                2,
                8,
                2
              ],
              "uv": [
                48,
                28
              ]
            }
          ]
        }
      ]
    }
  ]
}